{
    "Mean Squared Error (MSE)": 46289317963.18866,
    "Mean Absolute Error (MAE)": 170854.9912109375,
    "Mean Absolute Percentage Error (MAPE)": 29.866498914880967
}