{
    "Mean Squared Error (MSE)": 49627947876.31122,
    "Mean Absolute Error (MAE)": 176845.6044921875,
    "Mean Absolute Percentage Error (MAPE)": 28.987366103804735
}